id,people_id,profession_id
c785b31f-3036-4228-9ae5-04a9b6182dfa,190d8960-ccb9-448f-a28b-0fc3f3382295,d9792821-e6ed-43f4-999c-20a7613408e4
dd0f879c-1239-4447-86a6-4e003e8188ee,83704edc-daee-4db4-a3c4-eb1adfb2f028,d9792821-e6ed-43f4-999c-20a7613408e4
26bd94fb-2abf-4dad-a7a4-0a0b1c56f260,5b52310e-d0a2-4969-b1d9-d72eb29b9bc6,d9792821-e6ed-43f4-999c-20a7613408e4
d0b7761b-72e3-4c0b-9936-68f5ba4efe3a,fa69ab8e-13ed-4d9b-b44c-122101d53f2f,d9792821-e6ed-43f4-999c-20a7613408e4
a8118be9-bc4e-498f-8487-c5298d5ea9dd,0bff346f-1f75-47ff-912d-8551edbb5f34,d9792821-e6ed-43f4-999c-20a7613408e4
fa950af7-3e34-4e59-806c-39a908078fd3,374ba9d2-2189-4690-86bc-6ab2519b3071,d9792821-e6ed-43f4-999c-20a7613408e4
2dc7dc6a-0b32-4759-8281-d019f09edb2a,0c887e77-c95c-4b39-b9e8-745ca937f5d0,d9792821-e6ed-43f4-999c-20a7613408e4
5ab8c783-2a86-4338-969e-fd945490d085,90e2f61e-af94-41e2-9ae2-4ecc7f26b761,d9792821-e6ed-43f4-999c-20a7613408e4
072fe0a1-979a-4e0f-a547-a90e78cd5a7e,b5557a6b-8499-45ee-a2c3-db9f52805474,d9792821-e6ed-43f4-999c-20a7613408e4
7b21cd93-731c-46ec-92e4-29eecd3c5bf2,32b7fedc-052d-4540-82a8-0898931382a3,d9792821-e6ed-43f4-999c-20a7613408e4
7ae9d8cb-e0f9-4380-87d4-13b8f899e30f,153b15dd-b7e6-4448-a1a5-f22027ef3748,d9792821-e6ed-43f4-999c-20a7613408e4
5d315289-3a70-4676-a117-c2a48f42cc0d,9e627ba9-53f1-4729-bbfd-cdf12f25f17f,d9792821-e6ed-43f4-999c-20a7613408e4
c6470fe0-a641-407f-b76d-b0ac9613bf88,043efaa0-58f0-4655-bfe9-ec6fe8bf3f31,d9792821-e6ed-43f4-999c-20a7613408e4
f1f0a108-ce1b-4976-9de5-b052cd1f7f70,7ebce1f8-005f-4a38-b5bf-9089e4bb1977,d9792821-e6ed-43f4-999c-20a7613408e4
d84b158a-84dd-4ff5-9e8c-fc82eebe1308,8fc3366a-af23-48d8-b877-ca2ff3d5251f,d9792821-e6ed-43f4-999c-20a7613408e4
a3be0cd2-1e80-4143-9bec-68f8968cc46a,b8fcf39a-e965-4f26-abcf-c84570cf8fd4,d9792821-e6ed-43f4-999c-20a7613408e4
7f42908b-7b9b-43a1-82a8-37bf4d5c0a56,50f0325e-33be-41f1-967f-b3a520eb7045,d9792821-e6ed-43f4-999c-20a7613408e4
5424a7b3-b638-4229-ae51-9b60c3e48b68,e3c18a3b-b46e-408e-99f0-b9552c735ca4,d9792821-e6ed-43f4-999c-20a7613408e4
fcc980a8-1303-4706-9735-bb4ecddfe6aa,ed11e083-da7b-49e7-a843-3316870595a7,d9792821-e6ed-43f4-999c-20a7613408e4
bf12f1eb-0786-41eb-879c-05788145d1b5,80fcaf0c-f762-4593-b519-ca670a808e49,d9792821-e6ed-43f4-999c-20a7613408e4
31eb0cde-4166-4dc8-8623-a3d9149398c2,922ac000-0412-464a-bfae-fe8b73e8637b,d9792821-e6ed-43f4-999c-20a7613408e4
cc0126f8-6535-4181-a15f-f50bf5fb1609,3341f022-f5e2-4324-9bed-33dbf1d837aa,d9792821-e6ed-43f4-999c-20a7613408e4
bfa1e145-7142-4289-bf38-0543b2171442,a832a546-4319-452c-b335-3f05e9156b40,d9792821-e6ed-43f4-999c-20a7613408e4
472efb3a-7fcf-4d63-af8f-e3f0c315f421,b9108d95-3088-4376-9683-dfb66d11ff3f,d9792821-e6ed-43f4-999c-20a7613408e4
b7a00447-8d0a-4f73-b607-20c755a024d3,68cea915-a942-450b-82e1-b5f490cc214e,d9792821-e6ed-43f4-999c-20a7613408e4
ac2a6a39-38da-471e-9b7c-a25251f9c0cc,70cf8260-ec68-43c7-972e-56aab7b88028,d9792821-e6ed-43f4-999c-20a7613408e4
351e82c4-a3b7-4a12-ae3f-7ffcc63d6bc7,308120f9-6e9c-44d4-ae6c-1424528a36dc,d9792821-e6ed-43f4-999c-20a7613408e4
c63f29fc-bd0c-42dd-bfe4-4a4fe88e83dc,881c157b-77b5-4cbb-9e82-b6c9c3d6d26a,d9792821-e6ed-43f4-999c-20a7613408e4
0d15ed53-e6b8-47a4-acb0-645cd42e80c4,93b84182-0b90-4ab7-857c-847df1119204,d9792821-e6ed-43f4-999c-20a7613408e4
710c805b-6a51-4a91-b348-08acc193616d,3fde4310-9824-4f13-b917-e97bfb6fc2ee,d9792821-e6ed-43f4-999c-20a7613408e4
836b37df-0b3d-4af3-bf0b-36fc50b84161,fab3dfa0-0950-473f-b4c7-9a1868674118,d9792821-e6ed-43f4-999c-20a7613408e4
d095ed34-1434-43b7-8120-17743744c29f,a947d921-79ac-480e-b6f3-1fcecf715d1f,d9792821-e6ed-43f4-999c-20a7613408e4
b1d2c11f-1862-4edf-adea-13d096e18252,ab1e8ab4-b4a0-4363-9264-17fc9706b6fb,d9792821-e6ed-43f4-999c-20a7613408e4
41f3ebc8-d106-4260-a8ae-03f7cfeba6dd,3c5578aa-a3dc-400e-92d2-858e6ac31a54,d9792821-e6ed-43f4-999c-20a7613408e4
b5d14851-61cd-4ba7-a842-f0c95ef4e2cc,336a09dd-5081-4732-8824-4505d6c0c202,d9792821-e6ed-43f4-999c-20a7613408e4
02e57df4-dbef-41a7-a7ce-db6f5e325198,ddf0707f-026e-4457-9b77-4427aa3d9f5b,d9792821-e6ed-43f4-999c-20a7613408e4
bba0a491-4730-4a3a-9090-387b56ddf571,62f9096a-cb3f-4d91-98a5-f1403e114a55,d9792821-e6ed-43f4-999c-20a7613408e4
b6a29d97-db88-4e91-add5-6efa49086dea,cd7ece6c-ddcd-4116-a3e7-e6b0e8e8ca51,d9792821-e6ed-43f4-999c-20a7613408e4
8f07490e-1255-4f86-a541-0a608f97a79a,f06981d9-32ed-47f2-9316-1f4193e1da02,d9792821-e6ed-43f4-999c-20a7613408e4
c0fc659d-b426-43f5-afb7-76448f669d94,6ba0380c-509e-42c5-b104-1944e90979d7,d9792821-e6ed-43f4-999c-20a7613408e4
10e85997-796f-41a9-a71e-fa5528120622,cf04ce32-85f5-47aa-8dd9-3ffff8442985,d9792821-e6ed-43f4-999c-20a7613408e4
408e1334-bdf2-45e4-a3c1-afc4550cb4c1,51153761-a539-49a2-8ded-d12b61dacf35,d9792821-e6ed-43f4-999c-20a7613408e4
8667dbda-7027-4750-bd4b-a363a5ed5503,4dc899e9-52a9-4add-a36f-603d09192370,d9792821-e6ed-43f4-999c-20a7613408e4
09e9b547-7813-45ef-b59b-a08e57e22891,6d90c4c0-ae41-4d18-be84-4fee7ca5fe14,d9792821-e6ed-43f4-999c-20a7613408e4
14d7dcc0-ea95-4924-b96a-6f3844d777d7,88602de3-2806-474b-8d0a-7faeebcc9c1b,d9792821-e6ed-43f4-999c-20a7613408e4
1627b74a-65ef-4af5-a7ff-6f90a677fa40,661dd62c-79a8-4f47-bcf3-41deadb809a2,d9792821-e6ed-43f4-999c-20a7613408e4
2d5285f8-bc4c-4ce8-aea2-ff1d12d07c22,1452df79-9b17-4927-952d-f573117cfd55,d9792821-e6ed-43f4-999c-20a7613408e4
cb9e7c08-1e1c-4986-b4f0-85af9a82b0bc,6fb74705-972e-4abf-a0c8-a792398d9d6e,d9792821-e6ed-43f4-999c-20a7613408e4
d187155d-12f9-4330-94df-26b944718456,97f89480-90b0-4485-8c23-53c74208ae0e,d9792821-e6ed-43f4-999c-20a7613408e4
5b2446d7-d9da-4e9e-a263-513fe3979211,0edca2e0-2aa7-4afb-b23d-9a3c327f6fa7,d9792821-e6ed-43f4-999c-20a7613408e4
593c9bc9-d2c5-410b-9026-317bc5e685a4,acc4add1-e421-44db-9bf9-43c0f9a6b2ff,d9792821-e6ed-43f4-999c-20a7613408e4
5defb3bf-2e1a-47f6-93d3-437bf5dc1169,f9050b67-4d2c-4b1b-91c3-848340088184,d9792821-e6ed-43f4-999c-20a7613408e4
d3f81f93-8d87-4008-bfd1-f369bf95b2e9,6ca8f597-492e-440d-b22a-6573e02be6fb,d9792821-e6ed-43f4-999c-20a7613408e4
ecf22c39-e793-48cf-a024-b4345038be6d,a7ccae5b-8d2b-4c58-b2af-a53b3ae5e236,d9792821-e6ed-43f4-999c-20a7613408e4
a1a571e5-0eba-461c-8e75-ec24c97fd5e7,a6a5a70d-b527-4a9f-a5c0-8ad508176f3a,d9792821-e6ed-43f4-999c-20a7613408e4
de4923a2-04ca-4e0f-a976-d3b9a5ca5798,3566af63-a3ae-4fb8-874e-4a8e9f7ccdb9,d9792821-e6ed-43f4-999c-20a7613408e4
37178ad9-c2ba-46f6-9452-32753bb9d353,02e34e26-3f31-44a1-88ee-740f55dd5082,d9792821-e6ed-43f4-999c-20a7613408e4
fb8b46a0-f730-4e0d-b87c-3a2d4fd6d1ad,49f739fc-463b-4031-a63c-acfbecf5e4e2,d9792821-e6ed-43f4-999c-20a7613408e4
87dce49a-e19f-4c85-a5d7-17f8309a28ac,b75e6ddc-0f90-475e-b2f7-4b868fa21908,d9792821-e6ed-43f4-999c-20a7613408e4
09992588-fd3f-41e6-892c-cb5b9f0d51b8,cd62738a-9659-4e27-be23-60712f370790,d9792821-e6ed-43f4-999c-20a7613408e4
4b98640f-04fe-4d2e-865e-742208866747,0eb40ffc-e4a3-4045-8487-c8bf477e2f7a,d9792821-e6ed-43f4-999c-20a7613408e4
92df3ff1-462f-4207-a84f-9d269c5a98ae,f0f70557-9cb4-4a75-a7a6-154b92cd6076,d9792821-e6ed-43f4-999c-20a7613408e4
c2dc78d7-93a8-464f-9ef3-e81bb9f4a59f,7413a87e-166c-4f93-9a03-accf8564fe5c,d9792821-e6ed-43f4-999c-20a7613408e4
e160b146-ecb3-4acb-bcd0-2f0c431c4a4f,12466f7f-a21a-4a17-a3e3-f3a23ab344f4,d9792821-e6ed-43f4-999c-20a7613408e4
75901490-129b-42f4-bef4-f21b08c09ecf,3b3fee28-45d3-4599-ac25-f53c3aa81957,d9792821-e6ed-43f4-999c-20a7613408e4
41c98fe5-d830-4997-8806-9546bd6ea67b,77f17b7f-069e-4173-a6f3-46e1c2ff4fc3,d9792821-e6ed-43f4-999c-20a7613408e4
63b6747c-c4c2-4ec7-9944-6e71ca0c2143,894ac3c5-7878-4144-b00a-dd148075c7c2,d9792821-e6ed-43f4-999c-20a7613408e4
b245ce0a-03e9-4202-bee9-d6bfd2cbbfc5,30c7aff4-147f-4a14-9712-dd38afa4f901,d9792821-e6ed-43f4-999c-20a7613408e4
0bc75607-863e-4cc3-b88d-e8103354fc22,7abb4541-ad1d-45ce-a94a-24e0050e6a70,d9792821-e6ed-43f4-999c-20a7613408e4
a7a59fdf-d597-40ba-ac6d-7c66a97f797b,c9cee5c2-ca47-40ac-93f9-d7e32d9e09aa,d9792821-e6ed-43f4-999c-20a7613408e4
6876e2b5-8a69-45cc-98ba-62d2f772ce17,7f0cbf02-8595-4b44-a8e9-8dee4321fd5e,d9792821-e6ed-43f4-999c-20a7613408e4
bf74d442-fb49-40af-9c9a-8c66d0d150eb,7505a463-e2d4-4685-b8a0-5c3d2d272eda,d9792821-e6ed-43f4-999c-20a7613408e4
347e0120-ab81-448f-bb48-23186621ca58,219aabcb-86e1-4e1a-b55d-88656c230d80,d9792821-e6ed-43f4-999c-20a7613408e4
65cecf94-ec3f-486d-a157-55c3c8144255,93959e56-73f5-4e18-866c-0e3ed6e78fe4,d9792821-e6ed-43f4-999c-20a7613408e4
ac1fcc61-b475-4a32-ba0a-ed1ef50b5f14,d8c13412-1842-488f-89c8-6eecd5781f8a,d9792821-e6ed-43f4-999c-20a7613408e4
bbfd943a-3d68-464c-8621-c8b0e1af958a,ccf37bc9-7fe5-41cd-a7ad-c1dfdf2f05a0,d9792821-e6ed-43f4-999c-20a7613408e4
ca37d833-924c-4cca-9829-4c1333845368,c2b1732c-69f8-4d78-a7db-796e4daa9907,d9792821-e6ed-43f4-999c-20a7613408e4
dee1de62-1191-439b-8ad8-6d359b740423,b3be3b98-6f46-4053-aadb-9f55c15da30f,d9792821-e6ed-43f4-999c-20a7613408e4
6d0f79c9-91c3-4940-8b96-a948deccdd86,2257fed6-8a95-464c-a497-784aa6b62613,d9792821-e6ed-43f4-999c-20a7613408e4
0d3d16dc-0185-4d0e-b51f-d518f10f6f95,cbdcdef3-53a8-48cc-a76b-ddbca3ec26c7,d9792821-e6ed-43f4-999c-20a7613408e4
1f0f00b7-97e9-4e11-bc6c-ff3f8f6f188e,bd0cfced-5479-4cb8-91a6-618d0202a8dd,d9792821-e6ed-43f4-999c-20a7613408e4
37bf77a3-ebc0-46c7-b9f1-79cc0a3a4071,ed46ce5d-2254-492c-8f42-7f59112338bd,d9792821-e6ed-43f4-999c-20a7613408e4
a366113e-1154-44c2-b32d-8b7f6a6aad24,51aaadf1-a84a-4ac6-9d9c-48747784001d,d9792821-e6ed-43f4-999c-20a7613408e4
8f8ec34e-e448-4a29-b35d-bd6b1da4ff79,257c5484-ca99-4ec1-b94c-d6aa3a33fd43,d9792821-e6ed-43f4-999c-20a7613408e4
e795c44e-2668-4847-a9b5-27ab3c58ba2b,82fbaf9e-96c4-41c7-a3cd-5123aee815e8,d9792821-e6ed-43f4-999c-20a7613408e4
7d627fb5-ff76-432b-955d-802c81d56284,7be6fe6c-c4e0-422c-b79b-74d6ce6e0192,d9792821-e6ed-43f4-999c-20a7613408e4
1d89c8e5-65ca-47ed-bab7-ee37cc7fb9a5,74400141-4ea6-46a2-8257-8a13494fccc3,d9792821-e6ed-43f4-999c-20a7613408e4
58e995a0-b1d8-4980-b90f-971d62eea870,f9427e9c-7afd-4afa-a8e4-565d7ca7ef87,d9792821-e6ed-43f4-999c-20a7613408e4
eda69767-ead6-4394-a558-54f410d2408e,9466637f-47a5-4bc5-a932-750e955207ad,d9792821-e6ed-43f4-999c-20a7613408e4
08f4533c-ffdf-451c-a575-0baf67660b36,2527d8b9-6b68-407e-913e-60ff40e13b21,d9792821-e6ed-43f4-999c-20a7613408e4
306f5210-71df-4de6-bad5-9dcac54847f4,e55ac558-b551-44ec-a5b4-1321823dd0de,d9792821-e6ed-43f4-999c-20a7613408e4
f41223e4-e46e-4a7b-b869-54b3824aa84d,b64a7855-1d2d-47bd-bc65-364996cc57af,d9792821-e6ed-43f4-999c-20a7613408e4
cbe21eb2-4120-4eaf-9c44-28cadcdb757d,1d2d4662-1742-489f-99cc-f7c5a41ec2d1,d9792821-e6ed-43f4-999c-20a7613408e4
b9d6586e-0ae2-4038-a5ca-6bef20233f98,1b6d840b-5e28-4455-80c5-c58f313b37cf,d9792821-e6ed-43f4-999c-20a7613408e4
243bdcf9-18c4-4ad2-bd34-bf2697de65a3,62830725-3ee3-4aee-9410-6c1da3419ddf,d9792821-e6ed-43f4-999c-20a7613408e4
669dcdd4-e277-49d9-9eb3-e48594f42d0b,4ffd29ab-5c87-4ca2-9efa-80bcaf3bf6b8,d9792821-e6ed-43f4-999c-20a7613408e4
d1a4114c-af41-4c91-a742-7b5de98c9c98,b1c85d64-c9bd-4b8e-acf6-7f2b9bf2b698,d9792821-e6ed-43f4-999c-20a7613408e4
4074548a-af95-4471-ae8c-dd7e1c2baa8a,beffd20b-5212-40b0-808c-7733dd1c38bd,d9792821-e6ed-43f4-999c-20a7613408e4
65703266-198a-4605-83d7-454eab2ff3cf,6e9ed464-1cc7-4014-8c08-dadc8d1eeca1,d9792821-e6ed-43f4-999c-20a7613408e4
12ba7ef8-70ae-458e-8736-037a40ad5d1f,f2681d91-4a49-46b2-9a12-5808fdd6992a,d9792821-e6ed-43f4-999c-20a7613408e4
66c26d67-7baa-446b-acc0-91f147aa2efc,da100cca-e81d-4413-843b-5552fd0cacbd,d9792821-e6ed-43f4-999c-20a7613408e4
04847523-06a2-460d-9303-564a6f3103e0,428a919c-7436-4f9c-a93c-70727c79c32e,d9792821-e6ed-43f4-999c-20a7613408e4
8dcd1b69-6e4e-4dcb-991e-8c33658515f0,026ff297-0a0f-47a6-a36b-84ac67c21fc3,d9792821-e6ed-43f4-999c-20a7613408e4
ea4a00da-6b21-4751-a6d1-c4b57832360f,36e64987-c674-4532-9adc-1a0383ad4c7c,d9792821-e6ed-43f4-999c-20a7613408e4
095050cd-827d-4a37-8afe-db9629c5c6bf,787e17a4-c55e-4f93-9519-8dbbd5a390d2,d9792821-e6ed-43f4-999c-20a7613408e4
402e67e6-0c00-4566-8731-b9a74c0396ce,ef2a65d0-6694-47a7-9588-9df6e7a7dd83,d9792821-e6ed-43f4-999c-20a7613408e4
b91f08cc-7da0-4725-a64d-77d9cd9da41b,3047e188-c33e-471e-a9a8-279bb2aae505,d9792821-e6ed-43f4-999c-20a7613408e4
b63982b2-e042-4d90-81cd-29dd3a9a2c5b,be884857-a6f1-4348-a184-2419f937db51,d9792821-e6ed-43f4-999c-20a7613408e4
a029afa9-bf95-4747-82c9-4582d1343f66,c0fa1855-9024-4591-a3bc-295e292cbbe8,d9792821-e6ed-43f4-999c-20a7613408e4
15100a6f-ba84-4efb-8227-06c74d5d160e,72107a50-8142-4e3c-8e7a-c786b9248ade,d9792821-e6ed-43f4-999c-20a7613408e4
7ca25200-91a6-4502-9432-42d4a4df8a76,dfedfebf-b0fc-4557-b24e-34fd376a3dd5,d9792821-e6ed-43f4-999c-20a7613408e4
1790d9e7-fc0c-4132-9693-1f02dfc2897c,a3a42083-a472-4116-949b-75b10098aa37,d9792821-e6ed-43f4-999c-20a7613408e4
65b97723-3bb3-40cc-b682-1dca3769e479,47b37f97-8fce-4bf8-8e9d-99d8c4cf6ab1,d9792821-e6ed-43f4-999c-20a7613408e4
9367aa7b-e0f9-4026-95e6-1aeb8176d581,dc6d2229-8d2b-42b5-a9cf-6ea4a5d260c3,d9792821-e6ed-43f4-999c-20a7613408e4
70c49352-08c6-4f8b-8bdb-4b2275e73961,a2e3cd2d-35ae-4847-983f-d24b4d096620,d9792821-e6ed-43f4-999c-20a7613408e4
4bae9564-be3b-4305-90e4-010c2255212a,7ed6ab78-87ec-4a39-9d41-bbea2f9f37d1,d9792821-e6ed-43f4-999c-20a7613408e4
641ab509-95dd-461b-a2d5-2babf2c32cdd,695bcc30-4559-4eff-ab0c-4bc4c72bc312,d9792821-e6ed-43f4-999c-20a7613408e4
fe640c55-303e-469c-8773-6cb5e2271557,459d662b-a8e0-4913-9c63-815f8e50159f,d9792821-e6ed-43f4-999c-20a7613408e4
edf5b846-f18c-4b38-8705-acad253aac07,bd59d14d-9e09-46cc-a221-7e3de93c9510,d9792821-e6ed-43f4-999c-20a7613408e4
860e2edc-b70d-4834-8900-96f01c4ef2e2,fb2430f3-4f38-4f90-b925-328bfbaa38c9,d9792821-e6ed-43f4-999c-20a7613408e4
4e1e833f-18fa-4937-af33-d844b2943643,6e37b9ac-118e-4b7c-8bd0-0212ce13a03c,d9792821-e6ed-43f4-999c-20a7613408e4
1cd6dcda-cb23-4abb-91e8-62505bc7c88f,780c615e-017e-4e8a-ac6e-12d8ce8ffa32,d9792821-e6ed-43f4-999c-20a7613408e4
16f46c22-559c-4c10-86e3-672a99aa2698,4d9c80c6-3fba-4a0e-b237-2ff05aed2d28,d9792821-e6ed-43f4-999c-20a7613408e4
b7bcfda6-da70-4bdd-9760-f80f7f72d747,1d7cfd9b-e905-40d5-b60e-30182933e2f9,d9792821-e6ed-43f4-999c-20a7613408e4
5a7c86d1-9a39-440a-9d81-dc923c1cd6b5,9a08716a-843b-4ccd-9a6c-9758678f08f1,d9792821-e6ed-43f4-999c-20a7613408e4
2b85e55f-a41f-49a8-b89b-558af9ef7651,1874e095-aa86-4600-a26b-bc3c2b83e744,d9792821-e6ed-43f4-999c-20a7613408e4
8318ddad-c6c6-4a6c-8762-2bac6312fcf7,bb801028-d77c-4aea-a929-b05439673663,d9792821-e6ed-43f4-999c-20a7613408e4
524a273e-4114-43f8-aea2-995691db26a2,c75eedf0-28fd-4847-addc-5cc0386ae5ce,d9792821-e6ed-43f4-999c-20a7613408e4
34608c2a-1a63-4fd7-92e6-a1c687084339,0735db08-a184-4a82-9a84-6f2feb01c2ca,d9792821-e6ed-43f4-999c-20a7613408e4
78bff6f6-47da-4810-adf5-3e58927cfd55,5e88dc4a-05c5-4eee-973e-beeca7573511,d9792821-e6ed-43f4-999c-20a7613408e4
68033b15-bb1e-4975-bf5f-cd18e901f47d,9bbb97d2-d9d4-4858-8ed2-cf979569b017,d9792821-e6ed-43f4-999c-20a7613408e4
971e43c2-3af2-47cc-8d55-1488db69b3e3,86700917-b753-49fa-b96a-bee535ec7368,d9792821-e6ed-43f4-999c-20a7613408e4
5d183e20-41bf-46d3-8954-22d2bd8a3930,182e34a1-1d90-4c09-b858-e7b6018936a5,d9792821-e6ed-43f4-999c-20a7613408e4
07f1cff7-2fe8-4488-820d-9dae835580a8,6bd788d6-c98f-48b1-bca6-5d4fd70163f5,d9792821-e6ed-43f4-999c-20a7613408e4
8d993513-5616-4b51-9b2e-64b6146168e9,6e530d19-996d-4cce-9028-cc6e1263b54a,d9792821-e6ed-43f4-999c-20a7613408e4
4f296032-083b-45b4-ac4d-03482d13efeb,9d2267d5-ebf4-4bdd-beb3-d233ff48fd43,d9792821-e6ed-43f4-999c-20a7613408e4
7a98e89c-6dce-46ad-a8cc-8179b2ad36b9,a26ca332-d4c7-424c-8919-45ef836edf05,d9792821-e6ed-43f4-999c-20a7613408e4
42d523e9-9e0c-4a8f-a625-4064d7377e19,6accfa23-82e0-41df-9898-0050de3cef72,d9792821-e6ed-43f4-999c-20a7613408e4
ca425011-4a72-429b-8ad4-434f4ddd1fbe,69cc2eb5-9976-4312-aa95-7adf81ae2ad1,d9792821-e6ed-43f4-999c-20a7613408e4
90cf76fb-09e7-4fc2-879c-5cfe9d659d5f,86773e02-806e-4660-a14d-1f31ada87d5c,d9792821-e6ed-43f4-999c-20a7613408e4
8d14a65b-8446-4162-9eed-7ef537cf6bf4,c87a43a5-aab1-4006-9051-9b66a8fa7bc4,d9792821-e6ed-43f4-999c-20a7613408e4
15e8eb94-5932-494f-b3bf-acaef89e35dc,91a88c05-2c0e-4ca5-8a39-57e28f4fa0a2,d9792821-e6ed-43f4-999c-20a7613408e4
d4d74ab1-fb88-4095-8c14-61de518785b9,97a23fb4-0722-4cd6-99ba-3392d8deeddc,d9792821-e6ed-43f4-999c-20a7613408e4
1df6e09a-72fc-4bcb-8012-9d15f6a3118c,e3f0a336-7ba8-4c66-a1aa-2757f80cdb60,d9792821-e6ed-43f4-999c-20a7613408e4
b62514e1-8ea5-466e-85db-9a740d85bd3a,b42d8eaa-3ad0-4d23-9fec-fe0d054c433c,d9792821-e6ed-43f4-999c-20a7613408e4
4841e41f-fdac-4e81-b0de-224d8e1fdaf0,1f5f0cb1-dc23-4485-97d2-538325993e01,d9792821-e6ed-43f4-999c-20a7613408e4
458dd99b-527d-443f-964d-b7cde41f50ea,d0eb1264-bcc3-45c4-be51-34d08886843d,d9792821-e6ed-43f4-999c-20a7613408e4
27340c2e-49f7-4f3c-a1a2-8a7e27076ecc,0769d306-d2e0-4581-a9eb-3f32b89f63d3,d9792821-e6ed-43f4-999c-20a7613408e4
1bb23b96-b478-488a-906c-a11309f324b1,faed928a-7e55-4b76-bd54-97a31ff1eee9,d9792821-e6ed-43f4-999c-20a7613408e4
c7e11c65-9643-4e27-9638-a8d2765a48a5,7e174d3b-7a2f-4ccb-a33f-0aaba5604226,d9792821-e6ed-43f4-999c-20a7613408e4
2eb7418b-07e2-4fcb-8eb0-e7e8cc8475d9,f2e19888-4876-4e7e-8bac-054bb56d05d1,d9792821-e6ed-43f4-999c-20a7613408e4
6ff050e2-95cc-4509-8122-79f07c429747,f2d2db29-c9b8-4882-ad2c-4f4084395885,d9792821-e6ed-43f4-999c-20a7613408e4
e7c80057-baca-49f2-ad16-bf878dc392e1,bbcea0ff-e378-41e7-92d8-edeec888e615,d9792821-e6ed-43f4-999c-20a7613408e4
0c33e6a4-a5cd-4def-a7b9-d7e95e115e69,8a4888f5-3f14-4dff-a1d8-b59bd454f5d9,d9792821-e6ed-43f4-999c-20a7613408e4
913321b0-0938-4ebf-8535-1dea976b1548,c8b2e41b-3c4f-4f5b-8614-b3419f2e8cf7,d9792821-e6ed-43f4-999c-20a7613408e4
a3ad236a-556d-4d37-bf3e-9d4685444f75,036d9904-f437-4056-a3e2-ccdaa3ac78f1,d9792821-e6ed-43f4-999c-20a7613408e4
4753633b-9074-4e91-8ac6-362baea99b3c,9580d40b-4942-44e4-af9f-6b7acd3e9c56,d9792821-e6ed-43f4-999c-20a7613408e4
5655102a-35cf-4cd1-a38a-1d4b6a624302,9472e144-2260-49a6-8690-64eb3ccc0667,d9792821-e6ed-43f4-999c-20a7613408e4
5517ebfd-ffd0-4dc0-b346-a6b5379e1426,1a49cbfa-77e4-455a-9026-56dfae6c30fa,d9792821-e6ed-43f4-999c-20a7613408e4
d5095d84-c6c8-4448-af85-d11a0374779e,bd8b2ca6-af39-425e-8c94-f08ae1169cb3,d9792821-e6ed-43f4-999c-20a7613408e4
1fc717fc-7e8c-4fca-9f3c-9642ea1ec07d,8edde3fa-95a4-4a4f-8da6-d31e91d1298b,d9792821-e6ed-43f4-999c-20a7613408e4
80b7bff0-a2ab-4642-a1b4-dfb5647af920,a33e1d34-34a3-4a57-be0f-208a593aeebe,d9792821-e6ed-43f4-999c-20a7613408e4
d3a0bd4c-36e7-43b8-8290-26d0de322b18,2665624b-62cf-4239-a080-3073855ca7e7,d9792821-e6ed-43f4-999c-20a7613408e4
e8d1968f-89a4-4337-91b6-ffc8785becf3,3fe270db-c55c-4f0a-8fcc-847feaaf7063,d9792821-e6ed-43f4-999c-20a7613408e4
6eec7afd-6123-4470-8584-69f6b61808f2,800901d1-fef9-4c45-a6b6-2a5f71887ad8,d9792821-e6ed-43f4-999c-20a7613408e4
9bbfd0f0-8f49-4057-b368-cad3f3a6d272,64f2a447-8e19-4ef4-be55-4594f8415e23,d9792821-e6ed-43f4-999c-20a7613408e4
f36a04e7-a73f-427b-bf21-7b02596e9889,61c0a59f-7e5b-42f4-ae02-12c391a63fc4,d9792821-e6ed-43f4-999c-20a7613408e4
03e33034-384c-463c-bba1-7502d6c509f5,44f48bda-98d4-4901-af16-81178056b9a8,d9792821-e6ed-43f4-999c-20a7613408e4
e0150500-699a-431b-92d0-f2bb0e8527c5,e2e4df4f-0b47-45e5-b749-1fcb3b9f1d7c,d9792821-e6ed-43f4-999c-20a7613408e4
c685e9d2-8057-487e-ba21-93866f1c22f5,bcc3767a-fd4b-4f1b-902d-6b98f2d38216,d9792821-e6ed-43f4-999c-20a7613408e4
96b6c83c-0d5f-4d9e-bf1a-f2358a4311a5,009ebf14-1767-4e3e-bd89-acbdb28c9dc8,d9792821-e6ed-43f4-999c-20a7613408e4
a2a08e3a-9db4-452f-b186-d37f5bbfb565,2eacacdb-ebc7-4112-ab91-ddf59a9e1d94,d9792821-e6ed-43f4-999c-20a7613408e4
bd4ff904-e263-4d48-9278-98fc64e93c98,d336d290-4a0e-46a8-b9a6-5d8983337768,d9792821-e6ed-43f4-999c-20a7613408e4
cc6b1983-b59a-4e89-aaab-07975be39c3b,33b2968c-690f-4d5a-b872-b60b762a17b9,d9792821-e6ed-43f4-999c-20a7613408e4
056ed57c-5a0d-4d9f-b5f5-24be7f972238,4d5ce7aa-513d-4eae-b248-178547df27b5,d9792821-e6ed-43f4-999c-20a7613408e4
c95bd7ca-031c-4ff6-ae1e-dfc05479740f,a280cd05-a477-416e-bc2f-de47e217d253,d9792821-e6ed-43f4-999c-20a7613408e4
3b227b16-6d20-49e8-b9cc-2f61c03b851f,3fdd3760-bff0-460d-a534-62bd5d32de37,d9792821-e6ed-43f4-999c-20a7613408e4
41f1bab3-14af-4b20-b543-a712c7f8ed55,d98319cb-ad2e-4ba2-b583-5cc35b7978cf,d9792821-e6ed-43f4-999c-20a7613408e4
906fbd4f-7d80-48e1-a7da-cea975731ff0,bb529429-6c30-4e2a-8cb0-519f4ab05262,d9792821-e6ed-43f4-999c-20a7613408e4
2a2b72b3-676d-499f-8635-4c7060a10924,13221795-67ae-4ec7-be7e-c9df28e4f899,d9792821-e6ed-43f4-999c-20a7613408e4
53b4b1cf-35aa-496f-a86c-d0967ceb9499,15d7c8a5-5c00-4149-bc23-d6866a7c5829,d9792821-e6ed-43f4-999c-20a7613408e4
4d7b441d-a431-40c0-a14e-4a6714e02b2e,05b1ff20-c880-45fe-8dba-66189f5e4ef8,d9792821-e6ed-43f4-999c-20a7613408e4
f3247d97-91ef-4784-8c3e-72921af18e50,7e1ca3bc-c3ec-470a-ab43-0263d5e0971c,d9792821-e6ed-43f4-999c-20a7613408e4
c69f6879-75d9-41d3-8831-34b5fe7f554c,cb508fc0-53bf-43b5-ad3a-b8ba7638c7c1,d9792821-e6ed-43f4-999c-20a7613408e4
1dce7230-39b0-4b99-85ef-48cea0171d07,19e4705e-72ad-4493-a4cf-6deaddad7194,d9792821-e6ed-43f4-999c-20a7613408e4
0de8f4ff-ee71-4ea9-a72e-9b6b12914804,61f6997a-f717-42db-952f-7be95eb11629,d9792821-e6ed-43f4-999c-20a7613408e4
9fb080fd-f2b1-4272-87f8-4de15ee1a98c,9eafe7e2-492d-43cd-b75a-008236e48c68,d9792821-e6ed-43f4-999c-20a7613408e4
ba77b92f-4a28-4c32-aad1-3e3985da341d,5fe5f091-3b97-4cf7-b518-b5ac0e3b8c1d,d9792821-e6ed-43f4-999c-20a7613408e4
d0a9ad67-e38a-4c33-8289-8f70e1433883,a53c5e9c-4b0b-411a-af9d-585ef8a3623b,d9792821-e6ed-43f4-999c-20a7613408e4
a4f0d6a1-7a1f-4a8f-9987-c6b20259506e,661e331b-6a1a-453c-b1ed-7c10d5b726f9,d9792821-e6ed-43f4-999c-20a7613408e4
33d0753f-3ea3-420d-9a85-2c79e90a01ba,276bba3d-6de9-4afb-953c-11b5b79669d3,d9792821-e6ed-43f4-999c-20a7613408e4
8fbbeb16-fe55-43b1-937a-ea985c71e4da,393f317e-cc1d-45c0-b478-d5e309ab7951,d9792821-e6ed-43f4-999c-20a7613408e4
eb29c99c-bdfb-4dcf-b412-facd4f207e44,a56199d0-b681-4fa9-a056-d990af7007e9,d9792821-e6ed-43f4-999c-20a7613408e4
c62963dc-d9bd-4932-baf6-4b804d361285,69effd29-79d8-41dd-9caa-79fc8fba29ce,d9792821-e6ed-43f4-999c-20a7613408e4
0b20b52d-096b-4bf0-991a-a1e8bb37db67,9bd33c3d-0806-4f78-a49a-33c897c9a7ba,d9792821-e6ed-43f4-999c-20a7613408e4
fe6f07a2-83a2-4dc1-a3ae-029055269f61,d0d659ec-bf4a-4ac7-894c-4f71c07803a5,d9792821-e6ed-43f4-999c-20a7613408e4
17b07c1e-17d0-4111-b180-5a45d75e988a,546a33aa-d110-488c-b260-0bd498197b05,d9792821-e6ed-43f4-999c-20a7613408e4
9a58d8ce-2f5e-44a4-a93c-d664a997a2a5,5aebfb69-f33a-49d0-aed2-c81ccdf4c149,d9792821-e6ed-43f4-999c-20a7613408e4
fb5f0788-a2d0-493c-acad-9565ae0cdfeb,e8ca815b-2edc-47c4-adda-bd2bb7a78270,d9792821-e6ed-43f4-999c-20a7613408e4
8e165ef4-7a9a-4ea4-a5ae-d37c8cffda3f,b5ae5a4e-edc1-4c2b-ad7c-1d685cf00a28,d9792821-e6ed-43f4-999c-20a7613408e4
5364918e-8a92-40c3-b8f6-8b7f7ac66bb2,4157372e-a249-451f-94b3-39d7dc303edb,d9792821-e6ed-43f4-999c-20a7613408e4
88446ff5-c938-4fc2-9bd4-36221567477e,a2483c83-a1e6-4d97-a244-e867d1fc7bc8,d9792821-e6ed-43f4-999c-20a7613408e4
18250d22-5d81-49b5-bdf3-23a700f8cc39,2ff68c72-d72d-4a22-83e0-7fd1ab1fa14c,d9792821-e6ed-43f4-999c-20a7613408e4
4be44a0a-9d2e-4aea-a454-61fd6ac81c9e,d357b355-835e-47be-8024-c71b56b82fb4,d9792821-e6ed-43f4-999c-20a7613408e4
4ae015fd-858a-4ca2-b447-2e08e459fc0a,e087d410-b38b-4555-a21a-f33fdfce63f1,d9792821-e6ed-43f4-999c-20a7613408e4
7e5ba379-a7a0-44de-a29b-33e554487d24,339f7956-c210-4f7f-93e7-6d3715a115c7,d9792821-e6ed-43f4-999c-20a7613408e4
da44a14f-c390-4afb-86f8-ae27baac4d9d,c91db516-3af0-460a-b4bf-7b25877b08fc,d9792821-e6ed-43f4-999c-20a7613408e4
fb56ab94-8450-4922-994b-8e96ef288a0d,d5beeb0a-db89-47f9-84fd-14a0fc592aa6,d9792821-e6ed-43f4-999c-20a7613408e4
8dfb4254-5c4d-4d3d-8fe1-c345e5b54959,9984b62a-c1e3-431d-929f-180b3dcd4385,d9792821-e6ed-43f4-999c-20a7613408e4
639fc9ec-27d2-474f-afae-d612c97ece04,ff9c3a45-6cb1-46bc-9e83-5c290fc813d8,d9792821-e6ed-43f4-999c-20a7613408e4
ced484c9-d977-4b57-be0f-1bfa6083923d,efe3577a-976a-4fc4-96b1-413471a24790,d9792821-e6ed-43f4-999c-20a7613408e4
ae0bc034-235e-46a2-8825-4cbdd641b3c8,0794d2e1-f149-44dc-9e50-3c5fd76174f7,d9792821-e6ed-43f4-999c-20a7613408e4
d34d9747-2dd5-4e45-bc57-35ecdc4355b3,690dd933-75f1-4811-9204-a3bb630ea859,d9792821-e6ed-43f4-999c-20a7613408e4
fc2e5e67-f5ba-4e22-8b19-9996fbbc4c98,9726c0bc-3bb8-4615-b7ba-4937b1a4e7ed,d9792821-e6ed-43f4-999c-20a7613408e4
148f3e32-8430-473b-8674-9a8f5c2d4f70,7a9ca5ee-110b-4968-a951-a6b9f432c6b1,d9792821-e6ed-43f4-999c-20a7613408e4
65192da1-f6a4-4742-80cf-6b8ad31c072f,9d47a7ce-47a2-4f48-b5a0-84505bd725fe,d9792821-e6ed-43f4-999c-20a7613408e4
81c7cce8-0008-4a30-a658-090eb6d0f63a,f567880b-c9e8-467c-9e7c-67e2ad8ebfa9,d9792821-e6ed-43f4-999c-20a7613408e4
aa8172ed-404e-49ee-bacb-fd59de760c38,d008c4ff-3a79-4bad-b58f-0ddae6cbf992,d9792821-e6ed-43f4-999c-20a7613408e4
f545b54f-b184-46e1-bc48-44993e9e978f,141b7e27-59ba-461b-99dd-0e409629d3f0,d9792821-e6ed-43f4-999c-20a7613408e4
690cc5d1-1b27-41d9-878c-bd14edc9e2ba,10b4b0f9-1fe4-4aaf-a590-099e84f24dd6,d9792821-e6ed-43f4-999c-20a7613408e4
93a68ac3-3a12-4534-a9b7-2b819cb702c0,8799d201-1915-425a-829f-7837d1d76665,d9792821-e6ed-43f4-999c-20a7613408e4
d71a1cea-e8f8-4eda-a120-e63ca3fb644d,35985248-6dbd-4347-801c-db5ca90cddd8,d9792821-e6ed-43f4-999c-20a7613408e4
31f44568-853f-4505-bd1b-de4b33117b77,7cc49909-df7b-47b0-93e4-d178bfd0c3b1,d9792821-e6ed-43f4-999c-20a7613408e4
ca176bc4-e324-44a7-9367-b491cbd5b13b,7fbc6e35-6d49-431d-83b5-e5761d6bfe48,d9792821-e6ed-43f4-999c-20a7613408e4
1724a7a3-50ff-400b-8d24-d331ccff7f0a,9c309dfa-f3f0-4b56-a35c-208cba3d42c6,d9792821-e6ed-43f4-999c-20a7613408e4
f90b1145-4ae4-4de2-9709-de4abdaa9ec9,318bf183-25ce-4ed9-94d2-0a8f30216206,d9792821-e6ed-43f4-999c-20a7613408e4
1f9e7504-a645-401b-babd-31d593458878,599ba388-c40f-4ed0-a370-9b431138472a,d9792821-e6ed-43f4-999c-20a7613408e4
d91133ff-d591-4c51-a243-dc6717929d27,285ee135-acac-4cf9-820d-1cdcdde69290,d9792821-e6ed-43f4-999c-20a7613408e4
a65a7636-66db-4f1f-910f-b136750c4b81,4ca3d772-3f6a-4e2a-96df-b3a6ec19bb17,d9792821-e6ed-43f4-999c-20a7613408e4
c8f845b2-88fa-48b1-bdd9-23a74daceba9,2dc6fba1-47b7-4a39-bc77-ddf426a2ae89,d9792821-e6ed-43f4-999c-20a7613408e4
a190148f-a2a8-415e-b8d7-3931a067d1e9,4b883509-c854-4268-a1f2-67e4939af6a7,d9792821-e6ed-43f4-999c-20a7613408e4
cbbe294d-d3db-492e-9566-28bfe5208804,4eec0d13-0c3d-45a1-b41e-6d69f8d39dbd,d9792821-e6ed-43f4-999c-20a7613408e4
b63837ad-5fb3-4a04-8912-9c9918bcec7a,16557562-1ec8-4fca-a20c-a1be74fd52e0,d9792821-e6ed-43f4-999c-20a7613408e4
dc7887b4-9708-4019-9677-dea65180d5be,9baf58fb-da7a-463c-a7e8-d817e7df45b9,d9792821-e6ed-43f4-999c-20a7613408e4
aa1ffb81-cbe6-4d9d-b45e-8ba5806336bc,8f960984-48be-45f9-a4f4-204d0e2c5b78,d9792821-e6ed-43f4-999c-20a7613408e4
8c683af5-9c45-4db0-8781-7a6decf89a9d,7b878cec-ffdb-4c10-8378-440ca1c703e8,d9792821-e6ed-43f4-999c-20a7613408e4
254aec02-915d-4f46-858f-7b61966b2f4b,c7fbabc8-5652-4dcd-8511-2752faa12f28,d9792821-e6ed-43f4-999c-20a7613408e4
d732d6f0-5cc1-40d8-9b17-f94dae7fa838,2b96cb53-14b7-46c1-a978-2d2b6772e8e5,d9792821-e6ed-43f4-999c-20a7613408e4
dc4f388b-17a7-406e-ad5f-70ac25c8d123,303f76ae-a549-482f-bbd0-f882e8638629,d9792821-e6ed-43f4-999c-20a7613408e4
b8b38921-a1c5-46d6-85e3-3317b7544329,8cb7dc1d-2529-4d85-8d83-fed353c08e52,d9792821-e6ed-43f4-999c-20a7613408e4
f972b0a4-1b1a-4f60-93f0-8ff96fc11b51,521b8424-d1c2-4d42-93e0-82e6080d0a08,d9792821-e6ed-43f4-999c-20a7613408e4
9c22a4dc-e276-4d12-9b3e-daa5980a1087,c4da5d17-e5a5-401e-a371-2249aba1c108,d9792821-e6ed-43f4-999c-20a7613408e4
5a0f9c5f-279e-4ced-9862-1cf4a5ca7ea9,c15536cd-4072-472e-966e-536812230406,d9792821-e6ed-43f4-999c-20a7613408e4
f5390c58-c636-47fc-8c5e-d93af8d84018,a9d7b624-60be-4a03-9931-479bff2a9d41,d9792821-e6ed-43f4-999c-20a7613408e4
6866ad51-ee3a-4f57-b312-ca8c41937765,67d31612-1b27-45d3-90bf-a781aa40e7fa,d9792821-e6ed-43f4-999c-20a7613408e4
7b859cb5-0793-46a5-ab14-5328b8f764b0,dd10a254-f0c1-41d1-8310-8048ffebc83c,d9792821-e6ed-43f4-999c-20a7613408e4
99786b49-3fe5-440b-ab8a-5c0ce6423198,05121bb2-a337-49c2-8116-af3abc80179b,d9792821-e6ed-43f4-999c-20a7613408e4
b9d1802f-d22c-442e-a85c-75ad54b2c1ba,cd23b6aa-fb7f-4572-8898-2cd2aed12724,d9792821-e6ed-43f4-999c-20a7613408e4
bde04c17-9b53-42e3-b44f-6628fa567658,ad669bf0-6225-4e69-b95e-e026510d5edb,d9792821-e6ed-43f4-999c-20a7613408e4
ab1a1bc0-a366-4693-8430-358ed3509ad3,8d29d2ba-900f-4b40-a64b-c4f8f18984bf,d9792821-e6ed-43f4-999c-20a7613408e4
a9195dd5-1cd1-4c58-8c4f-7fd1edf11840,c01c9ffd-adaf-4038-9f5f-a6be3fcefd3b,d9792821-e6ed-43f4-999c-20a7613408e4
24b265fe-0a85-4b1e-b9a8-4b008dc86bf5,590723b5-7fa3-43fa-a6c1-4af4313e7b0e,d9792821-e6ed-43f4-999c-20a7613408e4
b1573e90-f59b-4462-bc3d-74cbd1cf037b,3d56f777-af95-4b93-8be9-04b4e46341b1,d9792821-e6ed-43f4-999c-20a7613408e4
0abf447c-b4ed-4b37-bca4-60c60f33d2ca,66b3a253-bf7d-4f53-9645-c3136dd66f52,d9792821-e6ed-43f4-999c-20a7613408e4
dff77f75-1db7-40d2-8bb9-93f1a003f988,4e02078a-5cc6-4f12-abbe-65f6eb057627,d9792821-e6ed-43f4-999c-20a7613408e4
ee9b3823-15da-428f-8421-a65edf4621ab,3aea5754-fdd2-4f55-9519-68440f7887fc,d9792821-e6ed-43f4-999c-20a7613408e4
b66f335b-8be7-488b-9c5f-4ea7093b1a4b,f625e30b-9714-43b7-8c3b-93207a43d2ba,d9792821-e6ed-43f4-999c-20a7613408e4
3284e611-8a68-44a8-9a99-e8e456aaad0f,35f36959-8cd9-4d03-8d20-aaecfd617bdd,d9792821-e6ed-43f4-999c-20a7613408e4
d9c574ad-d987-43db-bfa2-b943863597ae,3fa9f419-0769-4d8f-9475-64ed1f66f24e,d9792821-e6ed-43f4-999c-20a7613408e4
d45b3555-72f5-4c8c-ad02-183232bcf037,30d76796-72b7-4f89-bb3f-146f52a7932e,d9792821-e6ed-43f4-999c-20a7613408e4
045a53fa-8258-4e86-9492-dc8a59257b11,f775aba6-51fd-4e71-9f0e-b71852277b30,d9792821-e6ed-43f4-999c-20a7613408e4
9f81e48c-f59a-41d6-b408-77c0e336a129,6e05128f-4b6d-4ebf-bd81-cf34dd492d92,d9792821-e6ed-43f4-999c-20a7613408e4
207a0e5f-4993-4c1d-ba31-5d1eae0f2c62,327cbc76-5f7a-4a2d-9077-dc4b6c8edaa1,d9792821-e6ed-43f4-999c-20a7613408e4
1ebc3865-e6dd-4f9e-85d6-061a27b2eea6,6253a5bf-9670-44d3-ac0b-ef62a564403d,d9792821-e6ed-43f4-999c-20a7613408e4
60bbf15c-b0e6-4fd9-875a-5782156c43dd,43703f99-caf5-4f74-976f-9d30786ee6d7,d9792821-e6ed-43f4-999c-20a7613408e4
4e85a871-7691-403f-afb2-f3e9a4839474,0b47c122-e0e5-4fa0-adbf-b7addcee178e,d9792821-e6ed-43f4-999c-20a7613408e4
d00dee7d-85d8-46ac-8358-21d13ad56058,2eb24e40-46ab-43fe-b82b-bbfd32bdd63f,d9792821-e6ed-43f4-999c-20a7613408e4
c7a14805-3b8d-4eaa-b567-f005f68333e3,ca9618bf-4230-421a-962f-c181c72baf30,d9792821-e6ed-43f4-999c-20a7613408e4
eccfb797-cfe7-45d9-bdd7-49c8d5bce2e3,1abf5205-ce00-490e-8341-a761e9b4fe11,d9792821-e6ed-43f4-999c-20a7613408e4
1dda0396-087e-44d6-a109-5c25001ffc5e,9156a904-ba60-4ce9-949b-dbdc738d4c3d,d9792821-e6ed-43f4-999c-20a7613408e4
075330b6-6fa5-4c13-87d4-e769696d669b,47503811-5dc5-43ab-b42f-fb02174912be,d9792821-e6ed-43f4-999c-20a7613408e4
d788a4d6-20dd-4294-bc43-5ce03357421d,7be8e735-abbb-48ea-99d0-760d014c2c0a,d9792821-e6ed-43f4-999c-20a7613408e4
a4cff181-fd7e-4fec-93f4-e9bf310f102c,9a61f5e7-3e2b-426a-8bf3-919ea069665a,d9792821-e6ed-43f4-999c-20a7613408e4
d15d2228-fe64-4d92-a2f5-974514e437c4,190f83e2-d28d-4ba9-bf62-73d81814b8bd,d9792821-e6ed-43f4-999c-20a7613408e4
6e29057f-e393-4715-a93b-f5b778c37879,360447be-126a-4de4-9748-0a38d8373a4f,d9792821-e6ed-43f4-999c-20a7613408e4
c20c438e-8869-4c90-af34-72ab83cf403c,2a7e3b03-dccb-4360-8722-b7ad9cde9e40,d9792821-e6ed-43f4-999c-20a7613408e4
4cf02411-4cdc-4eed-98a6-b7960a65b810,f71a4a86-c6b7-4b3b-9169-86e28232926b,d9792821-e6ed-43f4-999c-20a7613408e4
51c20b09-8df6-4ba3-87cd-19954590e980,176ea500-898c-4a41-aa6d-361f194c4af1,d9792821-e6ed-43f4-999c-20a7613408e4
e4dbe414-6e33-4483-a943-3803d1775569,d43c1be6-13da-4f53-bb73-2949b89fb726,d9792821-e6ed-43f4-999c-20a7613408e4
f54970e7-032f-4744-91bf-53d87b0b3922,89911bd2-fbaa-4cb2-bd4f-2f897849e1d3,d9792821-e6ed-43f4-999c-20a7613408e4
4e05cb4f-cf99-4238-9db0-02fc77096556,efcbd3bf-b41a-4a35-8bf6-e01f60d5a8d4,d9792821-e6ed-43f4-999c-20a7613408e4
494ca04b-020a-429c-a667-e9277de70e1a,11c92f29-7662-47a7-8331-76a384f034c9,d9792821-e6ed-43f4-999c-20a7613408e4
cab85e20-0569-46fd-8568-805389fbdd16,780b72b5-c6e0-4d35-ac3d-e579c08bcc29,d9792821-e6ed-43f4-999c-20a7613408e4
790cbe31-5461-4333-a9f3-2e23fb0b126b,2c0be149-c19f-46d1-bc9b-6b33e285ab45,d9792821-e6ed-43f4-999c-20a7613408e4
efa95f28-bb92-43cc-9a47-d43d83c2fe1c,b1918f58-fccf-4ee1-a2bb-1f2a67b7f4b9,d9792821-e6ed-43f4-999c-20a7613408e4
cd01b823-6834-4a30-ae59-017f27e0477b,ce33e249-85bb-4280-8430-318313daf007,d9792821-e6ed-43f4-999c-20a7613408e4
91c3fccf-7968-485a-bbc5-0bb5d69f2a0d,7ef13bcd-944a-40e4-8526-aa400b4fed58,d9792821-e6ed-43f4-999c-20a7613408e4
c5b855b3-da7e-45d9-ad41-5c3d41af95ef,f581956f-c1cb-4795-a050-746ffdbc69a4,d9792821-e6ed-43f4-999c-20a7613408e4
c7f2ad1c-c64d-4ea5-a081-3bbb7d21c636,5388833e-61c3-46ed-ac9a-5ce0d1c29f1a,d9792821-e6ed-43f4-999c-20a7613408e4
cd4027bc-02a0-4c2e-81bf-2457eef44052,b3644820-aef7-4319-8c33-cac1a26b5c1a,d9792821-e6ed-43f4-999c-20a7613408e4
39821fdd-dab9-4ddc-9fef-408528410da1,9a272c43-1b5c-4f45-ab36-921edde22b40,d9792821-e6ed-43f4-999c-20a7613408e4
2fee9e69-74fc-4b60-9892-03e35e4e752a,cde5627e-adfa-4bb3-9def-ae680677196a,d9792821-e6ed-43f4-999c-20a7613408e4
dac117e5-6061-4569-b550-9a91ce5d8790,59f14dbf-0be9-4437-91d1-fe9e64107fde,d9792821-e6ed-43f4-999c-20a7613408e4
e47d3fae-48a7-45d8-be82-83da8c4b727c,830815de-6567-4aac-8e44-774d9de663b6,d9792821-e6ed-43f4-999c-20a7613408e4
a7f06d20-8460-4088-aec3-a051fd66b6e1,d691d2a3-6082-4543-80c0-6617178b5f28,d9792821-e6ed-43f4-999c-20a7613408e4
f607ecb6-6c9b-4a88-8318-b709fe1f931a,9fc7f3be-c13e-4a4b-8543-1ff4d14ed18c,d9792821-e6ed-43f4-999c-20a7613408e4
a5e672dd-0bfe-42a4-b746-15ba9816463f,3ffeb691-812f-45d2-81ff-0a7f15023461,d9792821-e6ed-43f4-999c-20a7613408e4
2ebd59e2-c525-4d0c-87ac-bd15b85e5b3c,3bde4683-1157-44f3-978e-c3ca6c20e669,d9792821-e6ed-43f4-999c-20a7613408e4
6be8c62d-ad79-47d5-a90f-be23a3929737,9d5c5f0c-5681-4696-958f-55ec6d18031d,d9792821-e6ed-43f4-999c-20a7613408e4
edc3856b-0767-4a98-909f-610d6f3152c5,9ae850d0-ba0f-4965-ae43-23291ecdd49f,d9792821-e6ed-43f4-999c-20a7613408e4
b1460c47-cc71-4f7f-a8a0-2bbbad308b68,8d8261ed-2fc0-4a95-9dd1-4192e596e06b,d9792821-e6ed-43f4-999c-20a7613408e4
ace6580c-2906-4c68-a923-4924a59d9080,08a455ad-2f70-4581-ad60-107530fb682b,d9792821-e6ed-43f4-999c-20a7613408e4
527f276a-bc8f-46ed-aa2d-5dfdc122d6aa,83c1a11e-7530-4d3d-86ca-ed16ea02cd1e,d9792821-e6ed-43f4-999c-20a7613408e4
634a24a6-e6e0-4326-81ba-3aae2407d730,47415169-3f6b-4946-a9de-fdc9e3f9edc5,d9792821-e6ed-43f4-999c-20a7613408e4
f3a9aa17-bfda-48b9-8fca-4ab554a0837c,395fea1f-8b43-4e90-9d9c-32bc9715e6e4,d9792821-e6ed-43f4-999c-20a7613408e4
09e0073d-18e4-4185-870c-fec6e913f68c,a5b47f54-2049-494f-8780-673de6312809,d9792821-e6ed-43f4-999c-20a7613408e4
819ba78a-7e7f-4ccb-946f-fc3392be3e10,0be4bd71-4efa-4456-a102-a34be30e93e8,d9792821-e6ed-43f4-999c-20a7613408e4
8f943ba0-e234-4a21-9b94-31d6da3dc235,2cdacd42-685a-44c1-a83c-7b6cffb9b547,d9792821-e6ed-43f4-999c-20a7613408e4
0cc56900-3065-466a-8ba4-0d0f9ee4b0aa,94e2eceb-1ad6-4797-ad23-0b385ee9f778,d9792821-e6ed-43f4-999c-20a7613408e4
53ba6ebe-f2b9-4ba0-8eac-36c51fdb299f,fe913813-acac-4bf9-b7fd-a4bdfcd5e031,d9792821-e6ed-43f4-999c-20a7613408e4
920e1e3f-fd3d-4595-a1d9-a39287e6ef8b,11428c0c-97bd-4b36-9d09-e6f8109c57c9,d9792821-e6ed-43f4-999c-20a7613408e4
57a73c26-9127-4040-97b6-3b5ff398060a,a0c93c68-0aa7-4377-8b7d-9540bf18c386,d9792821-e6ed-43f4-999c-20a7613408e4
70ad5f06-4e29-468e-8c1e-b3965154aade,79d67e74-391b-43c7-8239-ba0bec32761b,d9792821-e6ed-43f4-999c-20a7613408e4
c1adc7b1-8e50-4345-9ec7-920999f52036,77d98dbe-378c-4d13-86c1-78d10ae813df,d9792821-e6ed-43f4-999c-20a7613408e4
243e707f-40ba-4b79-8eb6-52fff9d1d067,474885b0-8869-43fa-b3e6-034919e7fa63,d9792821-e6ed-43f4-999c-20a7613408e4
f6018038-6335-479b-a675-37e80711669a,e62ffe64-fc48-44f9-92b5-fed1fe21df4c,d9792821-e6ed-43f4-999c-20a7613408e4
eac3c84b-e3c0-4445-8abb-5bc33191aec2,62f49313-0b6a-459d-aed4-956718c0bd4d,d9792821-e6ed-43f4-999c-20a7613408e4
ee7771b8-42c4-4fd3-9ace-149cc0a17228,2ac6302d-29ee-4c7b-b63c-2401ec6f70d5,d9792821-e6ed-43f4-999c-20a7613408e4
bcff503d-997a-447e-89db-b79016ba0dd5,295b7424-cadd-477d-9b94-c2eebe6182b5,d9792821-e6ed-43f4-999c-20a7613408e4
35af75f4-c181-4610-b86d-5d5d68806476,313eb5fb-40bb-44df-ae3f-3c8706592175,d9792821-e6ed-43f4-999c-20a7613408e4
bb3bff70-3a44-428a-8d4f-3a1bd972e1be,7fd84e60-865e-4f48-93fd-55287b84de35,d9792821-e6ed-43f4-999c-20a7613408e4
54a65fc3-f53c-41aa-8d47-b1171e3ac41f,2076a74f-68db-4cec-bb6c-29a2c4d9353b,d9792821-e6ed-43f4-999c-20a7613408e4
9b1f3331-490d-40c1-aa07-1484f473b636,9ff614ea-9a3f-490f-9cfb-4d93a12640f6,d9792821-e6ed-43f4-999c-20a7613408e4
dfba5913-cae9-49f1-a8db-9c332d379dc6,090b4e8c-56ec-4d1f-b53a-bfe53831c0e5,d9792821-e6ed-43f4-999c-20a7613408e4
06db7919-6aac-411f-a448-903ffa25be5f,13309fe3-2d3b-400b-96aa-4e082166ce1b,d9792821-e6ed-43f4-999c-20a7613408e4
8d04451b-333a-4501-825a-29e2fc2a65f4,ce55fc35-a4f6-4271-92fd-a51b93dc3368,d9792821-e6ed-43f4-999c-20a7613408e4
6b6013ff-a32b-466b-a201-35ee898bc9b8,e1125a3d-bafa-44ec-8151-534b85b9e2b0,d9792821-e6ed-43f4-999c-20a7613408e4
e5b54292-1d51-4df0-97b7-b3f2c18ee3b1,ea0791e7-9ae5-4f53-80dd-49b8daa14977,d9792821-e6ed-43f4-999c-20a7613408e4
49bae967-4e1d-4f3f-a642-0d45252162b6,e86bea69-efaa-4514-a854-a8be567edc55,d9792821-e6ed-43f4-999c-20a7613408e4
17b10257-71b3-4fcb-8c5e-a93d21dd2360,929e667d-e073-4293-8dee-cc142cce7832,d9792821-e6ed-43f4-999c-20a7613408e4
65d8075f-3007-4b59-8107-89d491815ed7,26e784e7-5630-4113-a796-04950146360b,d9792821-e6ed-43f4-999c-20a7613408e4
641a66eb-15b2-4ac8-a1af-4b949cf17c91,266efcf2-a8b6-4cb1-984d-642bdda6cfb5,d9792821-e6ed-43f4-999c-20a7613408e4
13d29ff0-79f2-4765-996c-9bfda92e3f6a,1820a926-e0a8-4284-876e-d716376f8219,d9792821-e6ed-43f4-999c-20a7613408e4
dce3cfec-d04d-4b97-b542-0295f9e2e503,e9a26091-0d8f-4103-970d-9a02eb0b038a,d9792821-e6ed-43f4-999c-20a7613408e4
44bce0cb-ff41-4c86-bb48-71da674998fa,a8d5eb19-48e9-489e-a6b0-858403553aed,d9792821-e6ed-43f4-999c-20a7613408e4
1fdbe7ef-954d-4bb0-b5f6-85c6da03e6dc,2d5d17e0-3872-4b23-ab2c-c06403adbda3,d9792821-e6ed-43f4-999c-20a7613408e4
698b2dc8-f6a8-4a5c-ab21-beca573a12e7,de730240-9b27-421f-9715-96ed66459e51,d9792821-e6ed-43f4-999c-20a7613408e4
ae357ef7-d3bf-4608-8fad-5d6a739b04aa,6287acba-cbe5-466f-a096-fb49de02aefb,d9792821-e6ed-43f4-999c-20a7613408e4
53873a01-0674-461d-b2a5-67a035aa0a17,92795b18-8151-4736-af0c-848fe6866693,d9792821-e6ed-43f4-999c-20a7613408e4
cc24ff5c-2199-4738-89cd-51874b9b3a6a,dd5b5f14-b0fe-45da-9fb4-392b9e806f4c,d9792821-e6ed-43f4-999c-20a7613408e4
